Workbook

Sheet Cover
A2: BUDGET VS ACTUAL DASHBOARD
A4: PT XYZ Indonesia
A5: Period 2025
A7: Prepared by
A8: Siti Sopiyatur Rohmah

Sheet Budget Data
A1: Bulan | B1: Kategori | C1: Budget
A2: Januari | B2: Gaji | C2: 50000000
A3: Januari | B3: Listrik | C3: 6000000
A4: Januari | B4: Air | C4: 2000000
A5: Januari | B5: Internet | C5: 1500000
A6: Januari | B6: ATK | C6: 3000000
A7: Januari | B7: Transportasi | C7: 4000000
A8: Januari | B8: Marketing | C8: 10000000
A9: Januari | B9: Maintenance | C9: 5000000
A10: Februari | B10: Gaji | C10: 50000000
A11: Februari | B11: Listrik | C11: 6000000
A12: Februari | B12: Air | C12: 2000000
A13: Februari | B13: Internet | C13: 1500000
... A97: Desember | B97: Maintenance | C97: 5000000

Sheet Actual Data
A1: Bulan | B1: Kategori | C1: Actual
A2: Januari | B2: Gaji | C2: 47500000
A3: Januari | B3: Listrik | C3: 5760000
A4: Januari | B4: Air | C4: 1940000
A5: Januari | B5: Internet | C5: 1470000
A6: Januari | B6: ATK | C6: 2970000
A7: Januari | B7: Transportasi | C7: 4000000
A8: Januari | B8: Marketing | C8: 10100000
A9: Januari | B9: Maintenance | C9: 5100000
A10: Februari | B10: Gaji | C10: 48000000
A11: Februari | B11: Listrik | C11: 5820000
A12: Februari | B12: Air | C12: 1960000
A13: Februari | B13: Internet | C13: 1485000
... A97: Desember | B97: Maintenance | C97: 5100000

Sheet Variance Analysis
A1: Bulan | B1: Kategori | C1: Budget | D1: Actual | E1: Variance | F1: % Realisasi | G1: Status
A2: ='Budget Data'!A2 | B2: ='Budget Data'!B2 | C2: ='Budget Data'!C2 | D2: ='Actual Data'!C2 | E2: =C2-D2 | F2: =D2/C2 | G2: =IF(D2<=C2,"Under Budget","Over Budget")
A3: ='Budget Data'!A3 | B3: ='Budget Data'!B3 | C3: ='Budget Data'!C3 | D3: ='Actual Data'!C3 | E3: =C3-D3 | F3: =D3/C3 | G3: =IF(D3<=C3,"Under Budget","Over Budget")
A4: ='Budget Data'!A4 | B4: ='Budget Data'!B4 | C4: ='Budget Data'!C4 | D4: ='Actual Data'!C4 | E4: =C4-D4 | F4: =D4/C4 | G4: =IF(D4<=C4,"Under Budget","Over Budget")
A5: ='Budget Data'!A5 | B5: ='Budget Data'!B5 | C5: ='Budget Data'!C5 | D5: ='Actual Data'!C5 | E5: =C5-D5 | F5: =D5/C5 | G5: =IF(D5<=C5,"Under Budget","Over Budget")
A6: ='Budget Data'!A6 | B6: ='Budget Data'!B6 | C6: ='Budget Data'!C6 | D6: ='Actual Data'!C6 | E6: =C6-D6 | F6: =D6/C6 | G6: =IF(D6<=C6,"Under Budget","Over Budget")
A7: ='Budget Data'!A7 | B7: ='Budget Data'!B7 | C7: ='Budget Data'!C7 | D7: ='Actual Data'!C7 | E7: =C7-D7 | F7: =D7/C7 | G7: =IF(D7<=C7,"Under Budget","Over Budget")
A8: ='Budget Data'!A8 | B8: ='Budget Data'!B8 | C8: ='Budget Data'!C8 | D8: ='Actual Data'!C8 | E8: =C8-D8 | F8: =D8/C8 | G8: =IF(D8<=C8,"Under Budget","Over Budget")
A9: ='Budget Data'!A9 | B9: ='Budget Data'!B9 | C9: ='Budget Data'!C9 | D9: ='Actual Data'!C9 | E9: =C9-D9 | F9: =D9/C9 | G9: =IF(D9<=C9,"Under Budget","Over Budget")
A10: ='Budget Data'!A10 | B10: ='Budget Data'!B10 | C10: ='Budget Data'!C10 | D10: ='Actual Data'!C10 | E10: =C10-D10 | F10: =D10/C10 | G10: =IF(D10<=C10,"Under Budget","Over Budget")
A11: ='Budget Data'!A11 | B11: ='Budget Data'!B11 | C11: ='Budget Data'!C11 | D11: ='Actual Data'!C11 | E11: =C11-D11 | F11: =D11/C11 | G11: =IF(D11<=C11,"Under Budget","Over Budget")
A12: ='Budget Data'!A12 | B12: ='Budget Data'!B12 | C12: ='Budget Data'!C12 | D12: ='Actual Data'!C12 | E12: =C12-D12 | F12: =D12/C12 | G12: =IF(D12<=C12,"Under Budget","Over Budget")
A13: ='Budget Data'!A13 | B13: ='Budget Data'!B13 | C13: ='Budget Data'!C13 | D13: ='Actual Data'!C13 | E13: =C13-D13 | F13: =D13/C13 | G13: =IF(D13<=C13,"Under Budget","Over Budget")
... A97: ='Budget Data'!A97 | B97: ='Budget Data'!B97 | C97: ='Budget Data'!C97 | D97: ='Actual Data'!C97 | E97: =C97-D97 | F97: =D97/C97 | G97: =IF(D97<=C97,"Under Budget","Over Budget")

Sheet Dashboard
A1: Budget vs Actual Dashboard
A3: Total Budget | B3: =SUM('Budget Data'!C2:C97)
A4: Total Actual | B4: =SUM('Actual Data'!C2:C97)
A5: Variance | B5: =B3-B4
A6: Budget Utilization | B6: =B4/B3

Sheet Financial Insight
A1: Financial Insight
A3: Analisis dilakukan dengan membandingkan Budget dan Actual.
A4: Kategori dengan Actual > Budget diklasifikasikan sebagai Over Budget.
A5: Gunakan Dashboard untuk melihat ringkasan KPI.
