Workbook

Sheet Cover
B2: Financial Statement Analysis
B3: PT Aneka Tambang Tbk (ANTM)
B4: Periode 2023-2025
B5: Disusun Oleh: Siti Sopiyatur Rohmah

Sheet Financial Data
B2: Keterangan | C2: 2023 | D2: 2024 | E2: 2025
B3: Total Aset | C3: 42851.329 | D3: 44522.65 | E3: 52530.41
B4: Total Liabilitas | C4: 11685.659 | D4: 12323.14 | E4: 15930.52
B5: Liabilitas jangka panjang | C5: 3109.22 | D5: 2552.24 | E5: 6247.58
B6: Total Ekuitas | C6: 31165.67 | D6: 32199.51 | E6: 36599.89
B7: Laba Bersih | C7: 3077.65 | D7: 3647.21 | E7: 7208.83
B8: DPS | C8: 128.0712 | D8: 151.7654 | E8: 299.98
B9: EPS | C9: 128.07 | D9: 151.7654 | E9: 299.9805
B10: Harga Saham | C10: 1550 | D10: 3150 | E10: 3150

Sheet Ratio Analysis
B2: Rasio | C2: 2023 | D2: 2024 | E2: 2025
B3: DER | C3: ='Financial Data'!C4/'Financial Data'!C6 -> 0.37495292 | D3: ='Financial Data'!D4/'Financial Data'!D6 -> 0.38271204 | E3: ='Financial Data'!E4/'Financial Data'!E6 -> 0.43526142
B4: DAR | C4: ='Financial Data'!C4/'Financial Data'!C3 -> 0.27270237 | D4: ='Financial Data'!D4/'Financial Data'!D3 -> 0.27678361 | E4: ='Financial Data'!E4/'Financial Data'!E3 -> 0.30326281
B5: LDER | C5: ='Financial Data'!C5/'Financial Data'!C6 -> 0.09976426 | D5: ='Financial Data'!D5/'Financial Data'!D6 -> 0.079263318 | E5: ='Financial Data'!E5/'Financial Data'!E6 -> 0.17069942
B6: DPR | C6: ='Financial Data'!C8/'Financial Data'!C9 -> 1.0000094 | D6: ='Financial Data'!D8/'Financial Data'!D9 -> 1 | E6: ='Financial Data'!E8/'Financial Data'!E9 -> 0.99999833
B7: ROA | C7: ='Financial Data'!C7/'Financial Data'!C3 -> 0.071821576 | D7: ='Financial Data'!D7/'Financial Data'!D3 -> 0.08191808 | E7: ='Financial Data'!E7/'Financial Data'!E3 -> 0.13723156
B8: ROE | C8: ='Financial Data'!C7/'Financial Data'!C6 -> 0.098751286 | D8: ='Financial Data'!D7/'Financial Data'!D6 -> 0.11326911 | E8: ='Financial Data'!E7/'Financial Data'!E6 -> 0.19696316
B9: Dividend Yield | C9: ='Financial Data'!C8/'Financial Data'!C10 -> 0.082626581 | D9: ='Financial Data'!D8/'Financial Data'!D10 -> 0.048179492 | E9: ='Financial Data'!E8/'Financial Data'!E10 -> 0.095231746

Sheet Dashboard
B2: Financial Ratio Analysis Dashboard
B3: PT Aneka Tambang Tbk (2023-2025)
B6: DER | E6: DAR | H6: LDER
B7: 2023 | C7: ='Ratio Analysis'!C3 -> 0.37495292 | E7: 2023 | F7: ='Ratio Analysis'!C4 -> 0.27270237 | H7: 2023 | I7: ='Ratio Analysis'!C5 -> 0.09976426
B8: 2024 | C8: ='Ratio Analysis'!D3 -> 0.38271204 | E8: 2024 | F8: ='Ratio Analysis'!D4 -> 0.27678361 | H8: 2024 | I8: ='Ratio Analysis'!D5 -> 0.079263318
B9: 2025 | C9: ='Ratio Analysis'!E3 -> 0.43526142 | E9: 2025 | F9: ='Ratio Analysis'!E4 -> 0.30326281 | H9: 2025 | I9: ='Ratio Analysis'!E5 -> 0.17069942
B12: ROA | E12: ROE | H12: DPR
B13: 2023 | C13: ='Ratio Analysis'!C7 -> 0.071821576 | E13: 2023 | F13: ='Ratio Analysis'!C8 -> 0.098751286 | H13: 2023 | I13: ='Ratio Analysis'!C6 -> 1.0000094
B14: 2024 | C14: ='Ratio Analysis'!D7 -> 0.08191808 | E14: 2024 | F14: ='Ratio Analysis'!D8 -> 0.11326911 | H14: 2024 | I14: ='Ratio Analysis'!D6 -> 1
B15: 2025 | C15: ='Ratio Analysis'!E7 -> 0.13723156 | E15: 2025 | F15: ='Ratio Analysis'!E8 -> 0.19696316 | H15: 2025 | I15: ='Ratio Analysis'!E6 -> 0.99999833
B18: Dividend Yield
B19: 2023 | C19: ='Ratio Analysis'!C9 -> 0.082626581
B20: 2024 | C20: ='Ratio Analysis'!D9 -> 0.048179492
B21: 2025 | C21: ='Ratio Analysis'!E9 -> 0.095231746

Sheet Financial Insight
B3: Financial Insight
B4: PT Aneka Tambang Tbk (2023-2025)
A5: 1 | B5: Struktur Modal | F5: DER meningkat dari 37,50% menjadi 43,53%. Hal ini menunjukkan penggunaan utang terhadap modal sendiri meningkat, namun masih dalam batas yang relatif sehat
A6: 2 | B6: Profitabilitas | F6: ROA meningkat dari 7,18% menjadi 13,72, sedangkan ROE meningkat dari 9,88% menjadi 19,70%. Hal ini menunjukkan kemampuan perusahaan menghasilkan laba semakin baik
A7: 3 | B7: Kebijakan Dividen | F7: DPR Sebesar 100% selama periode 2023-2025 menunjukkan perusahaan konsisten membagikan seluruh laba yang ditetapkan sebagai dividen
A8: 4 | B8: Kesimpulan | F8: Secara keseluruhan, kinerja keuangan PT Aneka Tambang Tbk menunjukkan tren positif selama periode 2023-2025
